sentence_id,y_true,y_pred
s_00000,8,6
s_00001,8,8
s_00008,8,8
s_00011,8,4
s_00018,8,4
s_00022,8,8
s_00024,8,0
s_00030,8,8
s_00034,8,2
s_00041,8,8
s_00045,8,8
s_00054,8,4
s_00058,8,8
s_00061,8,8
s_00067,8,8
s_00071,8,9
s_00076,8,7
s_00079,8,8
s_00089,8,8
s_00093,8,8
s_00099,8,8
s_00105,8,8
s_00109,8,8
s_00114,8,8
s_00122,8,8
s_00125,8,8
s_00128,8,8
s_00136,8,8
s_00139,8,8
s_00144,8,2
s_00147,8,8
s_00153,8,0
s_00161,4,4
s_00163,4,4
s_00168,4,4
s_00176,4,0
s_00182,4,0
s_00186,4,4
s_00192,4,4
s_00200,4,4
s_00204,4,4
s_00207,4,4
s_00213,4,4
s_00218,4,4
s_00225,4,4
s_00230,4,5
s_00233,4,0
s_00239,4,4
s_00246,4,4
s_00248,4,4
s_00253,4,4
s_00258,4,4
s_00267,4,4
s_00270,4,4
s_00274,4,4
s_00279,4,7
s_00283,4,4
s_00289,4,7
s_00291,4,4
s_00301,4,4
s_00307,4,4
s_00309,4,0
s_00315,4,6
s_00321,4,4
s_00326,4,4
s_00332,4,7
s_00337,4,4
s_00342,4,4
s_00347,4,4
s_00349,4,4
s_00358,4,4
s_00365,4,6
s_00371,4,4
s_00377,4,4
s_00383,4,4
s_00387,4,4
s_00395,4,4
s_00400,10,2
s_00407,10,3
s_00408,10,7
s_00413,10,1
s_00418,10,1
s_00422,10,8
s_00427,10,1
s_00428,10,1
s_00437,1,6
s_00443,1,8
s_00448,1,7
s_00452,1,7
s_00458,1,7
s_00459,1,7
s_00469,1,9
s_00473,1,8
s_00480,1,1
s_00487,1,7
s_00491,1,7
s_00497,2,0
s_00501,2,6
s_00505,2,9
s_00507,2,2
s_00515,2,7
s_00522,2,0
s_00527,2,7
s_00528,2,0
s_00535,2,2
s_00538,2,6
s_00541,2,7
s_00550,2,2
s_00557,2,2
s_00560,2,2
s_00565,2,2
s_00571,2,6
s_00577,2,2
s_00580,2,2
s_00587,2,1
s_00591,2,2
s_00596,2,2
s_00602,2,7
s_00609,2,2
s_00615,2,2
s_00617,2,1
s_00619,2,2
s_00621,2,2
s_00631,2,2
s_00637,2,2
s_00639,2,2
s_00640,2,8
s_00647,2,2
s_00654,2,2
s_00659,2,2
s_00664,2,2
s_00665,2,7
s_00672,2,2
s_00679,2,2
s_00685,2,2
s_00690,2,2
s_00693,2,8
s_00700,2,2
s_00706,2,2
s_00711,2,2
s_00716,2,2
s_00724,2,0
s_00726,2,2
s_00730,2,2
s_00734,2,2
s_00737,2,2
s_00743,2,2
s_00748,2,2
s_00751,2,2
s_00759,2,2
s_00765,2,6
s_00770,2,2
s_00773,2,2
s_00777,2,1
s_00786,2,2
s_00794,2,2
s_00796,2,2
s_00802,2,2
s_00807,2,9
s_00810,2,2
s_00812,2,2
s_00823,2,4
s_00824,2,5
s_00833,2,2
s_00836,2,9
s_00840,2,6
s_00848,2,0
s_00850,2,2
s_00859,2,9
s_00860,2,4
s_00868,2,1
s_00873,2,2
s_00875,2,2
s_00882,2,1
s_00888,9,0
s_00894,9,8
s_00898,9,5
s_00901,9,0
s_00905,9,7
s_00906,9,7
s_00915,9,7
s_00917,9,7
s_00927,9,9
s_00933,9,8
s_00937,9,6
s_00943,9,4
s_00951,9,8
s_00953,9,9
s_00959,9,7
s_00961,9,9
s_00969,9,5
s_00975,5,9
s_00984,5,5
s_00988,5,5
s_00994,5,5
s_00996,5,9
s_01003,5,5
s_01006,5,5
s_01010,5,0
s_01014,5,5
s_01021,5,5
s_01027,5,5
s_01033,5,5
s_01035,5,5
s_01039,5,5
s_01041,5,5
s_01049,5,6
s_01058,5,5
s_01062,5,5
s_01066,5,5
s_01069,5,5
s_01070,5,5
s_01077,5,5
s_01086,5,5
s_01093,5,5
s_01096,5,5
s_01102,5,5
s_01108,5,5
s_01111,5,5
s_01115,5,5
s_01123,5,5
s_01126,5,5
s_01133,5,5
s_01135,5,5
s_01144,5,5
s_01154,5,5
s_01155,5,9
s_01164,1,2
s_01167,1,6
s_01170,1,6
s_01177,1,7
s_01182,1,1
s_01186,1,1
s_01189,1,1
s_01190,1,2
s_01199,1,1
s_01204,1,6
s_01209,1,2
s_01215,1,1
s_01219,1,1
s_01220,1,1
s_01227,1,1
s_01232,1,1
s_01243,1,1
s_01247,1,1
s_01252,1,0
s_01254,1,2
s_01262,1,1
s_01264,1,1
s_01273,1,4
s_01276,1,1
s_01281,1,1
s_01286,1,1
s_01292,1,1
s_01297,1,1
s_01300,1,1
s_01306,1,1
s_01315,1,1
s_01319,1,1
s_01325,1,1
s_01331,1,1
s_01336,1,0
s_01337,1,0
s_01344,1,1
s_01350,1,1
s_01352,1,1
s_01357,1,1
s_01363,1,1
s_01370,1,0
s_01373,1,1
s_01374,1,1
s_01379,1,1
s_01383,1,1
s_01388,1,1
s_01391,1,0
s_01398,1,6
s_01402,1,1
s_01405,1,1
s_01414,1,1
s_01422,1,2
s_01425,1,1
s_01430,1,1
s_01434,1,1
s_01441,1,1
s_01449,1,1
s_01453,1,1
s_01458,1,1
s_01463,1,1
s_01468,1,1
s_01475,1,10
s_01477,1,1
s_01484,1,1
s_01488,1,1
s_01490,1,1
s_01496,1,1
s_01498,1,1
s_01504,1,1
s_01505,1,1
s_01516,1,1
s_01521,1,1
s_01523,1,1
s_01524,1,1
s_01527,1,1
s_01536,1,1
s_01543,1,1
s_01548,7,6
s_01556,7,8
s_01563,7,0
s_01568,7,7
s_01573,7,7
s_01578,7,7
s_01582,7,7
s_01591,7,7
s_01592,7,7
s_01595,7,8
s_01601,7,7
s_01606,7,2
s_01615,7,9
s_01618,7,2
s_01622,7,7
s_01628,7,0
s_01632,7,7
s_01639,7,7
s_01644,7,1
s_01648,7,7
s_01653,7,7
s_01660,7,9
s_01661,7,2
s_01666,7,7
s_01670,7,7
s_01674,7,7
s_01679,7,7
s_01685,7,7
s_01692,7,7
s_01697,7,7
s_01702,7,0
s_01707,7,7
s_01710,7,7
s_01719,7,7
s_01724,7,7
s_01728,7,7
s_01737,7,7
s_01741,7,0
s_01744,7,7
s_01751,7,0
s_01755,7,7
s_01758,7,1
s_01764,6,6
s_01769,6,6
s_01774,6,6
s_01776,6,6
s_01784,6,6
s_01788,6,4
s_01794,6,6
s_01798,6,6
s_01804,6,6
s_01807,6,6
s_01809,6,6
s_01813,6,3
s_01818,6,6
s_01825,6,6
s_01831,6,6
s_01836,6,6
s_01841,6,6
s_01844,6,6
s_01855,6,6
s_01856,6,6
s_01863,6,6
s_01866,6,0
s_01872,6,0
s_01875,6,6
s_01880,6,6
s_01885,6,6
s_01892,6,9
s_01897,6,2
s_01902,6,6
s_01910,6,1
s_01913,6,6
s_01917,6,6
s_01922,6,6
s_01928,6,6
s_01934,6,6
s_01942,6,6
s_01945,6,6
s_01952,6,6
s_01954,6,6
s_01960,6,6
s_01964,6,6
s_01968,6,6
s_01970,6,6
s_01978,6,6
s_01982,6,6
s_01984,6,6
s_01989,6,0
s_01996,6,6
s_01997,6,6
s_02007,6,6
s_02013,6,6
s_02019,6,6
s_02023,6,0
s_02029,6,3
s_02033,6,6
s_02035,6,6
s_02037,6,2
s_02043,6,1
s_02048,3,2
s_02054,3,3
s_02060,3,6
s_02065,3,3
s_02074,3,3
s_02080,3,3
s_02082,3,3
s_02088,3,3
s_02094,3,3
s_02099,3,3
s_02102,3,3
s_02108,3,3
s_02113,3,3
s_02121,3,7
s_02124,3,3
s_02128,3,3
s_02135,3,3
s_02141,3,3
s_02142,3,3
s_02148,3,3
s_02155,3,3
s_02160,3,3
s_02164,3,3
s_02170,3,3
s_02175,3,3
s_02179,3,3
s_02183,3,3
s_02191,3,3
s_02193,3,3
s_02197,3,3
s_02201,3,3
s_02206,3,3
s_02215,3,3
s_02220,3,3
s_02224,3,3
s_02229,3,3
s_02235,3,0
s_02244,3,1
s_02246,3,3
s_02252,3,3
s_02254,3,3
s_02260,3,6
s_02265,3,3
s_02271,3,3
s_02278,3,3
s_02283,3,3
s_02288,3,3
s_02292,3,3
s_02296,3,3
s_02299,3,3
s_02306,3,3
s_02311,3,3
s_02316,3,3
s_02321,3,3
s_02325,3,3
s_02329,3,3
s_02333,3,3
s_02338,3,3
s_02342,3,3
s_02347,3,3
s_02351,3,3
s_02356,3,3
s_02362,3,3
s_02364,3,3
s_02372,3,3
s_02378,3,3
s_02383,3,3
s_02388,3,3
s_02393,3,3
s_02394,3,3
s_02395,3,3
s_02407,3,3
s_02414,3,6
s_02420,0,0
s_02425,0,6
s_02427,0,0
s_02430,0,0
s_02440,0,0
s_02446,0,0
s_02451,0,6
s_02456,0,0
s_02460,0,1
s_02463,0,0
s_02470,0,0
s_02471,0,0
s_02476,0,0
s_02484,0,1
s_02490,0,6
s_02495,0,0
s_02498,0,8
s_02504,0,0
s_02510,0,6
s_02513,0,6
s_02518,0,6
s_02521,0,0
s_02528,0,0
s_02537,0,6
s_02544,0,6
s_02546,0,6
s_02550,0,0
s_02559,0,6
s_02560,0,6
s_02568,0,0
s_02574,0,0
s_02577,0,0
s_02579,0,0
s_02585,0,0
s_02591,0,6
s_02592,0,6
s_02599,0,0
s_02605,0,0
s_02610,0,1
s_02614,0,7
s_02621,0,6
s_02623,0,6
s_02626,0,6
s_02630,0,0
s_02640,0,0
s_02645,0,0
s_02649,0,0
s_02653,0,0
s_02659,0,1
s_02661,0,0
s_02669,0,0
s_02677,0,2
s_02682,0,0
s_02687,0,2
s_02690,0,8
s_02699,0,8
s_02702,0,8
s_02709,0,4
s_02713,0,8
s_02720,0,8
s_02724,0,0
s_02732,0,0
s_02735,0,0
s_02737,0,0
s_02742,0,7
s_02748,0,5
s_02752,0,0
s_02757,0,9
s_02762,0,0
s_02767,0,7
s_02771,0,8
s_02773,0,1
s_02780,0,7
s_02786,0,8
s_02791,0,2
s_02794,0,1
s_02800,0,7
s_02805,0,8
s_02809,0,1
s_02812,0,0
s_02821,0,9
s_02826,0,0
s_02834,0,9
s_02837,0,8
s_02840,0,8
s_02848,0,1
s_02853,0,0
s_02857,0,0
s_02863,0,7
s_02866,0,1
s_02870,0,3
s_02873,0,0
s_02880,0,0
s_02887,0,7
s_02890,0,0
s_02894,0,9
s_02900,0,0
s_02902,0,0
s_02908,0,1
s_02916,0,8
s_02921,0,0
s_02930,0,0
s_02932,0,6
s_02936,0,8
s_02941,0,5
s_02944,0,8
s_02949,0,8
s_02952,0,9
s_02959,0,0
s_02964,0,0
s_02970,0,7
s_02978,0,0
s_02981,0,2
s_02988,0,0
s_02994,0,0
s_02997,0,7
s_02998,0,2
s_03010,0,0
s_03012,0,0
s_03016,0,0
s_03023,0,0
s_03027,0,0
s_03032,0,7
s_03036,0,7
s_03037,0,0
s_03044,0,2
s_03053,0,1
s_03057,0,0
s_03062,0,0
s_03065,0,0
s_03073,0,0
s_03078,0,7
s_03083,0,0
s_03086,0,0
s_03095,0,0
s_03097,0,0
s_03103,0,0
s_03112,0,7
s_03116,0,7
s_03121,0,0
s_03123,0,0
s_03129,0,0
s_03134,0,0
s_03138,0,6
s_03143,0,7
s_03146,0,0
s_03156,0,0
s_03161,0,0
s_03166,0,0
s_03172,0,7
s_03175,0,7
s_03180,0,1
s_03183,0,7
s_03189,0,7
s_03192,0,7
s_03200,0,0
s_03208,0,6
s_03209,0,7
s_03214,0,8
s_03220,0,0
s_03225,0,6
s_03230,0,3
s_03233,0,3
s_03241,0,7
s_03242,0,0
s_03246,0,0
s_03253,0,3
s_03260,0,3
s_03262,0,2
s_03266,0,0
s_03273,0,0
s_03281,0,3
s_03285,0,0
s_03289,0,6
s_03294,0,3
s_03299,0,3
s_03302,0,4
s_03308,0,0
s_03312,0,0
s_03318,0,5
s_03326,0,9
s_03328,0,3
s_03333,0,8
s_03336,0,6
s_03343,0,3
s_03346,0,6
s_03347,0,0
s_03349,0,6
s_03361,0,3
s_03367,0,3
s_03372,0,0
s_03377,0,6
s_03382,0,0
s_03384,0,0
s_03390,0,0
s_03396,0,6
s_03400,0,0
s_03403,0,6
s_03413,0,2
s_03417,0,0
s_03421,0,0
s_03428,0,1
s_03432,0,0
s_03434,0,0
s_03437,0,2
s_03442,0,2
s_03444,0,2
s_03455,0,0
s_03457,0,1
s_03467,0,0
s_03471,0,0
s_03477,0,0
s_03483,0,2
s_03489,0,1
s_03494,0,0
s_03496,0,2
s_03505,0,2
s_03511,0,2
s_03515,0,0
s_03521,0,1
s_03526,0,2
s_03532,0,0
s_03535,0,0
s_03541,0,6
s_03544,0,6
s_03550,0,0
s_03551,0,0
s_03558,0,0
s_03566,0,2
s_03571,0,0
s_03575,0,2
s_03580,0,0
s_03584,0,0
s_03592,0,1
s_03596,0,0
s_03598,0,2
s_03605,0,2
s_03610,0,2
s_03614,0,6
s_03620,0,2
s_03624,0,0
s_03631,0,5
s_03633,0,7
s_03638,0,0
s_03645,0,0
s_03647,0,5
s_03655,0,0
s_03659,0,0
s_03665,0,0
s_03668,0,0
s_03675,0,5
s_03681,0,5
s_03684,0,8
s_03690,0,0
s_03692,0,0
s_03698,0,5
s_03702,0,5
s_03703,0,0
s_03707,0,0
s_03712,0,2
s_03722,0,0
s_03727,0,5
s_03729,0,5
s_03735,0,5
s_03736,0,5
s_03740,0,2
s_03746,0,8
s_03755,0,5
s_03761,0,8
s_03766,0,5
s_03770,0,0
s_03775,0,0
s_03778,0,5
s_03783,0,0
s_03788,0,2
s_03795,0,5
s_03802,0,0
s_03808,0,5
s_03815,0,5
s_03818,0,5
s_03823,0,0
s_03828,0,7
s_03838,0,0
s_03839,0,0
s_03844,0,0
s_03846,0,0
s_03851,0,2
s_03859,0,0
s_03865,0,0
s_03870,0,1
s_03871,0,5
s_03875,0,1
s_03884,0,4
s_03888,0,0
s_03893,0,0
s_03904,0,5
s_03909,0,5
s_03911,0,5
s_03915,0,0
s_03922,0,5
s_03924,0,5
s_03928,0,0
s_03935,0,4
s_03941,0,0
s_03948,0,4
s_03950,0,4
s_03957,0,0
s_03962,0,4
s_03963,0,4
s_03972,0,4
s_03976,0,4
s_03981,0,0
s_03989,0,4
s_03992,0,4
s_03998,0,4
s_04003,0,4
s_04014,0,0
s_04018,0,4
s_04019,0,0
s_04022,0,0
s_04028,0,0
s_04035,0,4
s_04039,0,1
s_04044,0,4
s_04051,0,4
s_04055,0,7
s_04058,0,4
s_04062,0,4
s_04067,0,0
s_04071,0,4
s_04081,0,4
s_04086,0,0
s_04089,0,0
s_04093,0,0
s_04101,0,4
s_04108,0,0
s_04115,0,1
s_04120,0,4
s_04123,0,4
s_04132,0,0
s_04137,0,4
s_04142,0,0
s_04146,0,0
s_04151,0,0
s_04152,0,4
s_04164,0,0
s_04172,0,2
s_04175,0,0
s_04181,0,8
s_04184,0,9
s_04188,0,0
s_04195,0,0
s_04196,0,6
s_04199,0,0
s_04206,0,0
s_04208,0,2
s_04214,0,4
s_04217,0,8
s_04224,0,1
s_04231,0,0
s_04238,0,0
s_04239,0,0
s_04247,0,9
s_04250,0,4
s_04256,0,2
s_04263,0,0
s_04265,0,0
s_04271,0,1
s_04274,0,0
s_04281,0,0
s_04289,0,6
s_04290,0,0
s_04298,0,1
s_04303,0,7
s_04308,0,2
s_04314,0,0
s_04317,0,0
s_04328,0,0
s_04331,0,9
s_04338,0,0
s_04343,0,5
s_04348,0,1
s_04353,0,0
s_04357,0,0
s_04363,0,6
s_04368,0,0
s_04369,0,9
s_04370,0,6
s_04377,0,0
s_04381,0,0
s_04392,0,0
s_04396,0,1
s_04401,0,0
s_04409,0,0
s_04414,0,9
s_04421,0,0
s_04427,0,6
s_04432,0,9
s_04438,0,9
s_04442,0,0
s_04448,0,0
s_04452,0,2
s_04461,0,0
s_04463,0,0
s_04464,0,0
s_04471,0,0
s_04475,0,7
s_04477,0,2
s_04483,0,9
s_04489,0,0
s_04494,0,1
s_04501,0,1
s_04505,0,1
s_04510,0,0
s_04517,0,1
s_04526,0,1
s_04527,0,0
s_04528,0,1
s_04538,0,1
s_04539,0,0
s_04548,0,1
s_04551,0,1
s_04557,0,0
s_04562,0,0
s_04568,0,1
s_04575,0,0
s_04581,0,0
s_04583,0,0
s_04585,0,1
s_04588,0,1
s_04595,0,0
s_04600,0,1
s_04605,0,0
s_04612,0,1
s_04614,0,0
s_04624,0,0
s_04625,0,1
s_04632,0,1
s_04634,0,0
s_04640,0,1
s_04645,0,1
s_04648,0,2
s_04650,0,0
s_04653,0,7
s_04657,0,1
s_04660,0,1
