model,fold,macro_f1,weighted_f1,accuracy,anomalous,elapsed_seconds,completed_epochs
indobert_15g,fold_0,0.5664974143773404,0.6678591670500552,0.6605005440696409,False,631.42,5
indobert_15g,fold_1,0.5557299745099787,0.6586268923283691,0.6536796536796536,False,506.12,5
indobert_15g,fold_2,0.5527433311964235,0.6393893505625,0.6305525460455038,False,508.29,5
indobert_15g,fold_3,0.5708950655187602,0.6339097191698548,0.6315228966986155,False,504.99,5
indobert_15g,fold_4,0.5738689716703441,0.6602067909208932,0.6576381365113759,False,512.07,5
indobert_base_p1,fold_0,0.5923101427509724,0.679074745383247,0.6746463547334058,False,521.3,5
indobert_base_p1,fold_1,0.5821109743038139,0.6871683227419131,0.683982683982684,False,519.6,5
indobert_base_p1,fold_2,0.549337460608887,0.6536686873624148,0.647887323943662,False,518.26,5
indobert_base_p1,fold_3,0.5517281127355278,0.6398412445315956,0.6368477103301384,False,514.73,5
indobert_base_p1,fold_4,0.5865495619370384,0.6836300229781649,0.6782231852654388,False,518.66,5
indobertweet,fold_0,0.5573735829551357,0.6276877947159436,0.6256800870511425,False,553.57,5
indobertweet,fold_1,0.05919044459190445,0.3142730748570165,0.48268398268398266,True,307.94,3
indobertweet,fold_2,0.5910115317501916,0.6438753237142458,0.6403033586132177,False,509.37,5
indobertweet,fold_3,0.5859789172672879,0.643254713980648,0.6421725239616614,False,510.46,5
indobertweet,fold_4,0.5938044530041715,0.6634776777435002,0.6598049837486457,False,521.07,5
indoroberta_15g,fold_0,0.5579047751426903,0.6596145412086807,0.6528835690968444,False,593.97,5
indoroberta_15g,fold_1,0.5690588605179037,0.6661693615855687,0.6634199134199135,False,533.12,5
indoroberta_15g,fold_2,0.5667483110205536,0.6554042183801547,0.6511375947995667,False,533.69,5
indoroberta_15g,fold_3,0.5602439100759636,0.6150976528736776,0.6134185303514377,False,530.22,5
indoroberta_15g,fold_4,0.5864482057258648,0.6693932525392354,0.6663055254604551,False,531.21,5
mbert,fold_0,0.4896802160866557,0.5619720380612484,0.5614798694232862,False,617.58,5
mbert,fold_1,0.4989211448424186,0.5834444827787852,0.5768398268398268,False,561.42,5
mbert,fold_2,0.5036878784825279,0.5483048032011746,0.5492957746478874,False,564.34,5
mbert,fold_3,0.058727141639902995,0.3082080447299701,0.47710330138445156,True,564.67,5
mbert,fold_4,0.5270905703469768,0.5863012776362425,0.5850487540628385,False,561.04,5
nusabert,fold_0,0.5437252208285996,0.6074476114592658,0.6050054406964092,False,558.86,5
nusabert,fold_1,0.5377458343021351,0.6095555556434784,0.6071428571428571,False,526.74,5
nusabert,fold_2,0.5362948040491718,0.5524307037698671,0.5677139761646804,False,523.82,5
nusabert,fold_3,0.5066879197242763,0.49460784274589353,0.5197018104366348,False,521.44,5
nusabert,fold_4,0.5848333127285582,0.6186471366029443,0.6229685807150596,False,519.86,5
xlmr,fold_0,0.49402314431040995,0.5503251032213659,0.5549510337323177,False,687.27,5
xlmr,fold_1,0.4922894656257517,0.5193780814048978,0.5313852813852814,False,626.3,5
xlmr,fold_2,0.517403778681456,0.5077833550393578,0.5297941495124594,False,619.18,5
xlmr,fold_3,0.5343681304461335,0.5268261065369064,0.5484558040468583,False,616.35,5
xlmr,fold_4,0.5067858758438196,0.5187771897168274,0.5352112676056338,False,621.61,5
