model,label,mean_precision,mean_recall,mean_f1,std_f1,total_support_across_folds,mean_support_per_fold
indobert_15g,0,0.8605220253476068,0.5544059221859255,0.6733629982961676,0.025845560717530875,2219,443.8
indobert_15g,1,0.573196433383758,0.6829258880944273,0.6215168695779951,0.027771886045810032,445,89.0
indobert_15g,2,0.577342251426579,0.6906346928665383,0.6283395950649233,0.034936890795299,388,77.6
indobert_15g,3,0.7546625451245352,0.9569671271848634,0.8430751365327509,0.02647689073561334,371,74.2
indobert_15g,4,0.5966465525167963,0.8101666666666667,0.6844506173792477,0.04196886006505937,239,47.8
indobert_15g,5,0.5422227954208167,0.7660241212872793,0.6319510324099457,0.0510088085104367,188,37.6
indobert_15g,6,0.53139421672755,0.7951495117103102,0.6339584649779958,0.023581134556430627,283,56.6
indobert_15g,7,0.43901625418606544,0.6214687184624792,0.5123269914020027,0.034671751629765296,214,42.8
indobert_15g,8,0.49307652480066266,0.6127705627705627,0.5416549042355493,0.05086274376780039,158,31.6
indobert_15g,9,0.268028638028638,0.43387254901960787,0.3249097850183193,0.09364518558342433,85,17.0
indobert_15g,10,0.09777777777777777,0.13333333333333333,0.10787007110536524,0.06197352573277723,38,7.6
indobert_base_p1,0,0.8513655907269391,0.5890538137795415,0.6961711037206098,0.018456010043148178,2219,443.8
indobert_base_p1,1,0.619691959117431,0.6851991828396323,0.6490747179780514,0.03549988508566723,445,89.0
indobert_base_p1,2,0.5433104619206173,0.7115138803013554,0.6146684919837629,0.023530744937522496,388,77.6
indobert_base_p1,3,0.7631171224242863,0.946263476165423,0.843834035587323,0.03274843242527725,371,74.2
indobert_base_p1,4,0.6567453243923833,0.8073888888888889,0.7234382257255385,0.05175795198792799,239,47.8
indobert_base_p1,5,0.5505108025901814,0.8092831698094856,0.6543615212568495,0.027960861726751735,188,37.6
indobert_base_p1,6,0.5567794558382794,0.7702769855673667,0.6459777376808592,0.03576415882880217,283,56.6
indobert_base_p1,7,0.4647576136500902,0.6346354722985467,0.5359484462523187,0.047101177863980916,214,42.8
indobert_base_p1,8,0.4843867243867244,0.6484848484848484,0.5524436584434703,0.055506076497605195,158,31.6
indobert_base_p1,9,0.24644283121597094,0.33941176470588236,0.28512322001971524,0.12161742598156677,85,17.0
indobert_base_p1,10,0.0808080808080808,0.11666666666666665,0.09543859649122807,0.13218340691055275,38,7.6
indobertweet,0,0.8245079531468171,0.6011431604244406,0.6470363514646275,0.015395589573241194,2219,443.8
indobertweet,1,0.5222512234535592,0.5368346385200318,0.5284777907952212,0.2956379176405655,445,89.0
indobertweet,2,0.42667392212800925,0.5883746056297688,0.49419447385474174,0.2782490703168232,388,77.6
indobertweet,3,0.5783832109919067,0.7705556746364245,0.659661968790618,0.36964543528137617,371,74.2
indobertweet,4,0.45009767151117364,0.7255,0.5543899876120403,0.3104458918742842,239,47.8
indobertweet,5,0.4053025191937342,0.647594558120874,0.4982251373174632,0.2789582305311472,188,37.6
indobertweet,6,0.40296655191465847,0.6862781954887218,0.5063634384466184,0.2843444048899282,283,56.6
indobertweet,7,0.3763038548752834,0.5523951941422163,0.4434675761193564,0.25310041533896677,214,42.8
indobertweet,8,0.40191753017839976,0.5215097402597403,0.453127512061556,0.25361950286447005,158,31.6
indobertweet,9,0.23282913165266103,0.3784803921568628,0.2822744971473785,0.1985503344747219,85,17.0
indobertweet,10,0.15282051282051282,0.24166666666666664,0.18497091144149966,0.11411991885325203,38,7.6
indoroberta_15g,0,0.851788359263019,0.5630125115029629,0.6771563150114526,0.031362069823518,2219,443.8
indoroberta_15g,1,0.5919624639942078,0.6604795142435592,0.6236126293619727,0.023125025718760923,445,89.0
indoroberta_15g,2,0.555687275404378,0.7037917112867146,0.619254488576755,0.021850225869404338,388,77.6
indoroberta_15g,3,0.7370403528674239,0.9676347421682678,0.8358282048606197,0.026326405718616303,371,74.2
indoroberta_15g,4,0.6114184887506122,0.8149444444444445,0.6979047008173221,0.04607524748591981,239,47.8
indoroberta_15g,5,0.568309740354568,0.7715644794592162,0.6524191255898573,0.039169335395485796,188,37.6
indoroberta_15g,6,0.5309101043462823,0.784374729928269,0.6325481008581018,0.019489823552044646,283,56.6
indoroberta_15g,7,0.43156756848848304,0.607267472553916,0.5035597370127148,0.04542740686392211,214,42.8
indoroberta_15g,8,0.4318426057102015,0.6188311688311688,0.5077095314776473,0.04425413636997383,158,31.6
indoroberta_15g,9,0.2933366013071896,0.3905392156862745,0.3300865800865801,0.08006829673130073,85,17.0
indoroberta_15g,10,0.18214285714285713,0.15833333333333333,0.1688095238095238,0.1158266650065114,38,7.6
mbert,0,0.7878490492570035,0.5265617581290378,0.5729008725707154,0.04606197446393226,2219,443.8
mbert,1,0.43035483667151064,0.4964839405288844,0.4602082155439512,0.25909838524303525,445,89.0
mbert,2,0.36446839945280435,0.5564558248768775,0.4394659852558365,0.24971680231751742,388,77.6
mbert,3,0.5829953439659392,0.7730060471430334,0.6639317916096943,0.37267171083790895,371,74.2
mbert,4,0.4687933634992459,0.5966666666666666,0.523834336799854,0.29765400056500113,239,47.8
mbert,5,0.36686774063823246,0.6136545452334927,0.4589740588311659,0.25789331677873945,188,37.6
mbert,6,0.38292728548047694,0.6193349753694581,0.4720121198518685,0.2645271428873766,283,56.6
mbert,7,0.3119226404117737,0.5406171348031813,0.3950400977248435,0.22309609045126563,214,42.8
mbert,8,0.27353600066997463,0.506547619047619,0.35480565176755186,0.19901090446907604,158,31.6
mbert,9,0.1394111234929198,0.2829411764705882,0.18390891636793275,0.11180650367966806,85,17.0
mbert,10,0.047619047619047616,0.05,0.046753246753246755,0.06660198132445759,38,7.6
nusabert,0,0.9400202133085829,0.37154332769441106,0.5276622682054608,0.08631313253402026,2219,443.8
nusabert,1,0.5762420289138627,0.6807053682896379,0.6238968254293911,0.028424325801038843,445,89.0
nusabert,2,0.5415470879043548,0.734491746317196,0.6226699967928762,0.04659826351757157,388,77.6
nusabert,3,0.7203524286307914,0.9676717654929623,0.8246923011628894,0.03153165839012531,371,74.2
nusabert,4,0.5585027946736807,0.8936666666666667,0.6865212315082012,0.03353735922754832,239,47.8
nusabert,5,0.4662402616513999,0.8625062309272835,0.6027624336902688,0.06682229456002901,188,37.6
nusabert,6,0.4919015257371103,0.8338151413015297,0.6176944971537002,0.030960690875052963,283,56.6
nusabert,7,0.39095334660863024,0.7324976120495122,0.5094533741133598,0.048925926186134484,214,42.8
nusabert,8,0.38441667024445003,0.7018127705627706,0.4960713418778385,0.04726848705027415,158,31.6
nusabert,9,0.21520696483076787,0.5391666666666667,0.30551993670006095,0.10409021850238571,85,17.0
nusabert,10,0.1211111111111111,0.19166666666666665,0.14348739495798318,0.0895881076877205,38,7.6
xlmr,0,0.927539800713203,0.2929033360434774,0.4443979617684846,0.036804649266363995,2219,443.8
xlmr,1,0.5694084389608686,0.6786102599023948,0.6189726319485948,0.023259018878728617,445,89.0
xlmr,2,0.4650935555182051,0.7421917411924075,0.571543833948909,0.014990250177734499,388,77.6
xlmr,3,0.701916163607126,0.9622644244821605,0.8109894455013723,0.016241294696489744,371,74.2
xlmr,4,0.5608654926703707,0.8530555555555555,0.6758629075521448,0.02806699422968312,239,47.8
xlmr,5,0.4444574263779065,0.8303430961325697,0.5768512696591238,0.03489307113609341,188,37.6
xlmr,6,0.46071523308365414,0.8408975023766312,0.5949304062383531,0.02750839262237185,283,56.6
xlmr,7,0.39454888523515974,0.6908334622458275,0.5015126507120641,0.03125067238899597,214,42.8
xlmr,8,0.35428769945163385,0.7130411255411255,0.47197623943757494,0.03196595499943053,158,31.6
xlmr,9,0.13713515516365665,0.4387745098039216,0.20795203183395575,0.07447009237037855,85,17.0
xlmr,10,0.12301587301587302,0.125,0.12372549019607844,0.1215536043848415,38,7.6
